"video_id","video_title","video_description","video_published_date","video_total_views","video_total_likes","playlist_id","playlist_title","channel_id","channel_title"
"YyS7cqFRUvI","Happy Days Theme (Sitcom Cover) - Dead Dogs 50's Party","Happy Days Theme (Sitcom Cover)
Dead Dogs 50's Party - Live at Cascina Bruciata (June ‎11, ‎2016)
#happydaystheme #deaddogsband",2016-07-27,18243,105,"PLhIw1_0YGPER3H3lpApMLkc2d676B-lpD","Dead Dogs 2016 50's Party - Live at Cascina Bruciata","UC6CV_32l8omBfcliOOQnIew","Alessandro Speranza"
"q2wmXFqh0P4","You Shook Me All Night Long (AC/DC Cover) - Dead Dogs 2017 1st Country Event","You Shook Me All Night Long (AC/DC Cover)
Dead Dogs 1st Country Event - Live at Il Nuovo Boscaccio (June ‎16, ‎2017)
#youshookmeallnightlong #acdc #deaddogsband",2017-07-12,4682,31,"PLhIw1_0YGPERgIZrg9wvCdefjvdmmbfiH","Dead Dogs 2017 1st Country Event - Live at Il Nuovo Boscaccio","UC6CV_32l8omBfcliOOQnIew","Alessandro Speranza"
"2_44dIc7J0k","Get Over It (Eagles Cover) - Dead Dogs 2017 1st Country Event","Dead Dogs 1st Country Event - Live at Il Nuovo Boscaccio (June ‎16, ‎2017)",2017-07-14,1514,9,"PLhIw1_0YGPERgIZrg9wvCdefjvdmmbfiH","Dead Dogs 2017 1st Country Event - Live at Il Nuovo Boscaccio","UC6CV_32l8omBfcliOOQnIew","Alessandro Speranza"
"KfPB2Oy17D4","You Shook Me All Night Long (AC/DC Cover) - Dead Dogs 2019 Christmas Party","You Shook Me All Night Long (AC/DC Cover)
Dead Dogs 2019 Christmas Party - Live at Dundee Pub (December ‎21, ‎2019)
#youshookmeallnightlong #acdc #deaddogsband",2020-01-24,940,12,"PLhIw1_0YGPETya3CXmcudNLE0edFQ3307","Dead Dogs 2019 Christmas Party - Live at Dundee Pub","UC6CV_32l8omBfcliOOQnIew","Alessandro Speranza"
"29laglX3M1g","Svalutation (Adriano Celentano Cover) - Dead Dogs 2019 Christmas Party","Dead Dogs 2019 Christmas Party - Live at Dundee Pub (December ‎21, ‎2019)",2020-01-24,920,5,"PLhIw1_0YGPETya3CXmcudNLE0edFQ3307","Dead Dogs 2019 Christmas Party - Live at Dundee Pub","UC6CV_32l8omBfcliOOQnIew","Alessandro Speranza"
"ESPPyOQmHgU","Jumpin' Jack Flash Take #1 (The Rolling Stones Cover) - Just Landed","This is the take #1 of Jumpin' Jack Flash (The Rolling Stones Cover).
This take will be improved in the next future adding more armonies and solos.
#jumpingjackflash #rollingstones #justlanded

Alessandro Speranza: bass guitar, 1st & 2nd rhythm guitar, lead guitar, piano, organ
Backing track: drums, lead vocal & chorus

Multitrack recording with Reaper.",2022-03-06,831,15,"PLhIw1_0YGPERpc1xMlTCGJfA7xoiHX7Pc","Just Landed","UC6CV_32l8omBfcliOOQnIew","Alessandro Speranza"
"coeL6tmZ-ow","Bad Case Of Loving You (Doctor, Doctor) (Robert Palmer Cover) - Dead Dogs 2018 Halloween Party","Dead Dogs 2018 Halloween Party - Live at Dundee Pub (October ‎31, ‎2018)
Bad Case Of Loving You (Doctor, Doctor) (Robert Palmer Cover)
#badcaseoflovingyou #robertpalmer #deaddogsband",2019-03-04,799,44,"PLhIw1_0YGPEQyp_iflLtD4TAXAm8_pZVk","Dead Dogs 2018 Halloween Party - Live at Dundee Pub","UC6CV_32l8omBfcliOOQnIew","Alessandro Speranza"
"rla42H9Bqrk","You Shook Me All Night Long (AC/DC Cover) - Dead Dogs 50's Party","You Shook Me All Night Long (AC/DC Cover)
Dead Dogs 50's Party - Live at Cascina Bruciata (June ‎11, ‎2016)
#youshookmeallnightlong #acdc #deaddogsband",2016-07-28,753,5,"PLhIw1_0YGPER3H3lpApMLkc2d676B-lpD","Dead Dogs 2016 50's Party - Live at Cascina Bruciata","UC6CV_32l8omBfcliOOQnIew","Alessandro Speranza"
"rZfCO3Jxb5E","Whole Lotta Shakin' Goin' On (Jerry Lee Lewis Cover) - Dead Dogs 2019 Christmas Party","Dead Dogs 2019 Christmas Party - Live at Dundee Pub (December ‎21, ‎2019)
#wholelottashakingoinon #jerryleelewis #deaddogsband",2020-01-24,614,3,"PLhIw1_0YGPETya3CXmcudNLE0edFQ3307","Dead Dogs 2019 Christmas Party - Live at Dundee Pub","UC6CV_32l8omBfcliOOQnIew","Alessandro Speranza"
"0nahr_sM6FU","Highway To Hell (AC/DC Cover) - Dead Dogs 2019 Rehearsals","Highway To Hell (AC/DC Cover) - Dead Dogs Rehearsals for 2019 Christmas Party (June ‎23, ‎2019)
Watch the live version on YouTube: https://youtu.be/7b8nt_5SIOM
#highwaytohell #acdc #deaddogsband",2021-04-29,363,6,"PLhIw1_0YGPETy5UGqmewQzcmeBZhU69db","Studio Recordings & Rehearsals","UC6CV_32l8omBfcliOOQnIew","Alessandro Speranza"
"Q9LfyV8U80g","Country As Boy Can Be (Brady Seals Cover) - Dead Dogs 2017 1st Country Event","Dead Dogs 1st Country Event - Live at Il Nuovo Boscaccio (June ‎16, ‎2017)",2017-07-12,297,2,"PLhIw1_0YGPERgIZrg9wvCdefjvdmmbfiH","Dead Dogs 2017 1st Country Event - Live at Il Nuovo Boscaccio","UC6CV_32l8omBfcliOOQnIew","Alessandro Speranza"
"bJz5il-6eqc","Little Sister (Elvis Presley Cover) - Gnappoland","#littlesister  #elvispresley  #gnappoland

Gnappoland are:
Filippo Gobbi: lead vocal, bass guitar
Alessandro Speranza: lead & rhythm guitar, backing vocal
Backing track: drums

Multitrack recording with Reaper.",2022-09-04,272,19,"PLhIw1_0YGPEQcGnrfiwJfOUSWfo48QCNn","Gnappoland","UC6CV_32l8omBfcliOOQnIew","Alessandro Speranza"
"pF-XLtJF8Zo","Bad Case Of Loving You (Doctor, Doctor) (Robert Palmer Cover) - Dead Dogs 2017 1st Country Event","Dead Dogs 1st Country Event - Live at Il Nuovo Boscaccio (June ‎16, ‎2017)
Bad Case Of Loving You (Doctor, Doctor) (Robert Palmer Cover)
#badcaseoflovingyou #robertpalmer #deaddogsband",2017-07-12,258,3,"PLhIw1_0YGPERgIZrg9wvCdefjvdmmbfiH","Dead Dogs 2017 1st Country Event - Live at Il Nuovo Boscaccio","UC6CV_32l8omBfcliOOQnIew","Alessandro Speranza"
"Ephlbmqq2ac","I've Got A Feeling (The Beatles Cover) - Gnappoland","#thebeatles  #IveGotAFeeling  #Gnappoland

Gnappoland are:
Filippo Gobbi: lead vocal, bass guitar
Alessandro Speranza: lead vocal, lead & rhythm guitars, electric piano
Backing track: drums

Multitrack recording with Reaper. 
Every sigle track is recorded since the beginning to the end without breaks, cut and paste or other effects.",2022-11-13,243,6,"PLhIw1_0YGPEQcGnrfiwJfOUSWfo48QCNn","Gnappoland","UC6CV_32l8omBfcliOOQnIew","Alessandro Speranza"
"OjQcBuEo7WE","High Voltage (AC/DC Cover) - Dead Dogs Camilla's Degree Party","High Voltage (AC/DC Cover)
Dead Dogs Camilla's Degree Party - Live at Rocca Brivio (September ‎23, ‎2016)
#highvoltage #acdc #deaddogsband",2017-02-07,232,1,"PLhIw1_0YGPEQsx48wV5tLpmYbAA5BfW53","Dead Dogs 2016 Camilla's Degree Party - Live at Rocca Brivio","UC6CV_32l8omBfcliOOQnIew","Alessandro Speranza"
"uXErr-IFft0","Waterloo (Abba Cover) - Dead Dogs 2017 Rehearsals","Waterloo (Abba Cover) - Dead Dogs Rehearsals for 2017 Christmas Party (December ‎16, ‎2017)
Watch the live version on YouTube: https://youtu.be/mu6ksUWAtFY
#waterloo #abba #deaddogsband",2020-08-26,230,6,"PLhIw1_0YGPETy5UGqmewQzcmeBZhU69db","Studio Recordings & Rehearsals","UC6CV_32l8omBfcliOOQnIew","Alessandro Speranza"
"mSMAb8gzsyE","Harden My Heart (Quarterflash Cover) - Dead Dogs 50's Party","Dead Dogs 50's Party - Live at Cascina Bruciata (June ‎11, ‎2016)",2016-07-27,212,2,"PLhIw1_0YGPER3H3lpApMLkc2d676B-lpD","Dead Dogs 2016 50's Party - Live at Cascina Bruciata","UC6CV_32l8omBfcliOOQnIew","Alessandro Speranza"
"mu6ksUWAtFY","Waterloo (Abba Cover) - Dead Dogs 2017 Christmas Party","Dead Dogs 2017 Christmas Party - Live at Dundee Pub (December ‎17, ‎2017)",2017-12-28,203,1,"PLhIw1_0YGPEQLnaY_Nknm4RA8LLkbFkbN","Dead Dogs 2017 Christmas Party - Live at Dundee Pub","UC6CV_32l8omBfcliOOQnIew","Alessandro Speranza"
"Yza22aFs45g","Redneck Woman (Gretchen Wilson Cover) - Dead Dogs 2017 1st Country Event","Dead Dogs 1st Country Event - Live at Il Nuovo Boscaccio (June ‎16, ‎2017)",2017-07-12,195,6,"PLhIw1_0YGPERgIZrg9wvCdefjvdmmbfiH","Dead Dogs 2017 1st Country Event - Live at Il Nuovo Boscaccio","UC6CV_32l8omBfcliOOQnIew","Alessandro Speranza"
"7b8nt_5SIOM","Highway To Hell (AC/DC Cover) - Dead Dogs 2019 Christmas Party","Highway To Hell (AC/DC Cover)
Dead Dogs 2019 Christmas Party - Live at Dundee Pub (December ‎21, ‎2019)
#highwaytohell #acdc #deaddogsband",2020-01-24,191,4,"PLhIw1_0YGPETya3CXmcudNLE0edFQ3307","Dead Dogs 2019 Christmas Party - Live at Dundee Pub","UC6CV_32l8omBfcliOOQnIew","Alessandro Speranza"
"ZaOBtrrOg1s","Man! I Feel Like A Woman (Shania Twain Cover) - Dead Dogs 2017 1st Country Event","Dead Dogs 1st Country Event - Live at Il Nuovo Boscaccio (June ‎16, ‎2017)",2017-07-12,191,2,"PLhIw1_0YGPERgIZrg9wvCdefjvdmmbfiH","Dead Dogs 2017 1st Country Event - Live at Il Nuovo Boscaccio","UC6CV_32l8omBfcliOOQnIew","Alessandro Speranza"
"TM1g9NfG4Xs","Bad Case Of Loving You (Doctor, Doctor) (Robert Palmer Cover) - Dead Dogs Camilla's Degree Party","Dead Dogs Camilla's Degree Party - Live at Rocca Brivio (September ‎23, ‎2016)
Bad Case Of Loving You (Doctor, Doctor) (Robert Palmer Cover)
#badcaseoflovingyou #robertpalmer #deaddogsband",2016-10-18,191,1,"PLhIw1_0YGPEQsx48wV5tLpmYbAA5BfW53","Dead Dogs 2016 Camilla's Degree Party - Live at Rocca Brivio","UC6CV_32l8omBfcliOOQnIew","Alessandro Speranza"
"N28-rGaUiSs","Rome Wasn't Built In A Day (Morcheeba Cover) - Dead Dogs Camilla's Degree Party","Dead Dogs Camilla's Degree Party - Live at Rocca Brivio (September ‎23, ‎2016)",2016-10-18,190,2,"PLhIw1_0YGPEQsx48wV5tLpmYbAA5BfW53","Dead Dogs 2016 Camilla's Degree Party - Live at Rocca Brivio","UC6CV_32l8omBfcliOOQnIew","Alessandro Speranza"
"tBf6iRT2xkg","Burning Love (Elvis Presley Cover) - Dead Dogs 2022 Rehearsals","Burning Love (Elvis Presley Cover) - Dead Dogs Rehearsals (July 20, 2022)
Watch the live version on YouTube: https://youtu.be/au27OHhk89g
#burninglove #elvispresley #deaddogsband

Burning Love - Dead Dogs lineup features:
Corrado Speranza: drums
Filippo Gobbi: lead vocal, bass guitar
Cristina Gobbi & Cristina Bertoni: backing vocals
Livio Bariani: electric guitar
Alessandro Speranza: piano

Cover design with Canva
Video editing with CapCut",2023-07-12,185,5,"PLhIw1_0YGPETy5UGqmewQzcmeBZhU69db","Studio Recordings & Rehearsals","UC6CV_32l8omBfcliOOQnIew","Alessandro Speranza"
"eplD0ETmqcg","Call Me The Breeze (J.J. Cale Cover) - Dead Dogs 2017 Christmas Party","Dead Dogs 2017 Christmas Party - Live at Dundee Pub (December ‎17, ‎2017)",2017-12-28,184,4,"PLhIw1_0YGPEQLnaY_Nknm4RA8LLkbFkbN","Dead Dogs 2017 Christmas Party - Live at Dundee Pub","UC6CV_32l8omBfcliOOQnIew","Alessandro Speranza"
"3h5EOcrL6gY","Bad Case Of Loving You (Doctor, Doctor) (Robert Palmer Cover), Bis - Dead Dogs 50's Party","Dead Dogs 50's Party - Live at Cascina Bruciata (June ‎11, ‎2016)
Bad Case Of Loving You (Doctor, Doctor) (Robert Palmer Cover)
#badcaseoflovingyou #robertpalmer #deaddogsband",2016-07-28,179,2,"PLhIw1_0YGPER3H3lpApMLkc2d676B-lpD","Dead Dogs 2016 50's Party - Live at Cascina Bruciata","UC6CV_32l8omBfcliOOQnIew","Alessandro Speranza"
"TnKswBzvNCk","Svalutation (Adriano Celentano Cover) - Dead Dogs 2019 Rehearsals","Svalutation (Adriano Celentano Cover) - Dead Dogs Rehearsals for 2019 Christmas Party (November ‎12, ‎2019)
Watch the live version on YouTube: https://youtu.be/29laglX3M1g
#svalutation #adrianocelentano #deaddogsband",2021-02-06,172,3,"PLhIw1_0YGPETy5UGqmewQzcmeBZhU69db","Studio Recordings & Rehearsals","UC6CV_32l8omBfcliOOQnIew","Alessandro Speranza"
"ep60OAxxi_M","Sweet Home Alabama (Lynyrd Skynyrd Cover) - Dead Dogs 2016 Christmas Party","Dead Dogs 2016 Christmas Party - Live at Dundee Pub (December ‎18, ‎2016)",2017-01-24,168,6,"PLhIw1_0YGPEQOfk9pf6mdFPP_tzQwQIU2","Dead Dogs 2016 Christmas Party - Live at Dundee Pub","UC6CV_32l8omBfcliOOQnIew","Alessandro Speranza"
"HfE866pZvyg","Please Come Home For Christmas (Eagles Cover) - Dead Dogs 2019 Christmas Party","Dead Dogs 2019 Christmas Party - Live at Dundee Pub (December ‎21, ‎2019)",2020-01-24,164,3,"PLhIw1_0YGPETya3CXmcudNLE0edFQ3307","Dead Dogs 2019 Christmas Party - Live at Dundee Pub","UC6CV_32l8omBfcliOOQnIew","Alessandro Speranza"
"_sTdjWjqeVk","Rome Wasn't Built In A Day (Morcheeba Cover) - Dead Dogs 50's Party","Dead Dogs 50's Party - Live at Cascina Bruciata (June ‎11, ‎2016)",2016-07-28,155,0,"PLhIw1_0YGPER3H3lpApMLkc2d676B-lpD","Dead Dogs 2016 50's Party - Live at Cascina Bruciata","UC6CV_32l8omBfcliOOQnIew","Alessandro Speranza"
"ctp7YhpP0R4","Harden My Heart (Quarterflash Cover) - Dead Dogs Camilla's Degree Party","Dead Dogs Camilla's Degree Party - Live at Rocca Brivio (September ‎23, ‎2016)",2016-10-18,154,0,"PLhIw1_0YGPEQsx48wV5tLpmYbAA5BfW53","Dead Dogs 2016 Camilla's Degree Party - Live at Rocca Brivio","UC6CV_32l8omBfcliOOQnIew","Alessandro Speranza"
"pIKTBYgRDkY","Monna Lisa (Ivan Graziani Cover) - Dead Dogs 50's Party","Dead Dogs 50's Party - Live at Cascina Bruciata (June ‎11, ‎2016)",2016-07-28,154,1,"PLhIw1_0YGPER3H3lpApMLkc2d676B-lpD","Dead Dogs 2016 50's Party - Live at Cascina Bruciata","UC6CV_32l8omBfcliOOQnIew","Alessandro Speranza"
"wp3GglNQUV0","Take It Easy (Eagles Cover) - Dead Dogs 50's Party","Dead Dogs 50's Party - Live at Cascina Bruciata (June ‎11, ‎2016)
A tribute to the Great Glenn Frey",2016-07-28,152,2,"PLhIw1_0YGPER3H3lpApMLkc2d676B-lpD","Dead Dogs 2016 50's Party - Live at Cascina Bruciata","UC6CV_32l8omBfcliOOQnIew","Alessandro Speranza"
"jMniemp4CXw","I'm No Good (For Ya Baby) (Laura Bell Bundy Cover) - Dead Dogs 2017 1st Country Event","Dead Dogs 1st Country Event - Live at Il Nuovo Boscaccio (June ‎16, ‎2017)",2017-07-12,150,3,"PLhIw1_0YGPERgIZrg9wvCdefjvdmmbfiH","Dead Dogs 2017 1st Country Event - Live at Il Nuovo Boscaccio","UC6CV_32l8omBfcliOOQnIew","Alessandro Speranza"
"b5BuQJsue8I","Whole Lotta Shakin' Goin' On (Jerry Lee Lewis Cover) - Dead Dogs 2019 Rehearsals","Whole Lotta Shakin' Goin' On (Jerry Lee Lewis Cover) - Dead Dogs Rehearsals for 2019 Christmas Party (June ‎26, ‎2019)
Watch the live version on YouTube: https://youtu.be/rZfCO3Jxb5E
#wholelottashakingoinon #jerryleelewis #deaddogsband",2021-10-09,148,3,"PLhIw1_0YGPETy5UGqmewQzcmeBZhU69db","Studio Recordings & Rehearsals","UC6CV_32l8omBfcliOOQnIew","Alessandro Speranza"
"J244sOtyDJE","Bad Case Of Loving You (Doctor, Doctor) (Robert Palmer Cover) - Dead Dogs 2016 Christmas Party","Dead Dogs 2016 Christmas Party - Live at Dundee Pub (December ‎18, ‎2016)
Bad Case Of Loving You (Doctor, Doctor) (Robert Palmer Cover)
#badcaseoflovingyou #robertpalmer #deaddogsband",2017-01-24,147,2,"PLhIw1_0YGPEQOfk9pf6mdFPP_tzQwQIU2","Dead Dogs 2016 Christmas Party - Live at Dundee Pub","UC6CV_32l8omBfcliOOQnIew","Alessandro Speranza"
"Qv-_bVONRuo","Kiss (Prince Cover) - Dead Dogs 2017 Christmas Party","Dead Dogs 2017 Christmas Party - Live at Dundee Pub (December ‎17, ‎2017)",2017-12-28,146,1,"PLhIw1_0YGPEQLnaY_Nknm4RA8LLkbFkbN","Dead Dogs 2017 Christmas Party - Live at Dundee Pub","UC6CV_32l8omBfcliOOQnIew","Alessandro Speranza"
"P7gcRwc6Sx0","I Saw Her Standing There (The Beatles Cover) - Dead Dogs 50's Party","I Saw Her Standing There
Dead Dogs 50's Party - Live at Cascina Bruciata (June ‎11, ‎2016)
#isawherstandingthere #thebeatles #deaddogsband",2016-07-27,144,0,"PLhIw1_0YGPER3H3lpApMLkc2d676B-lpD","Dead Dogs 2016 50's Party - Live at Cascina Bruciata","UC6CV_32l8omBfcliOOQnIew","Alessandro Speranza"
"NxKYJIFQ6bw","Honey Don't (Carl Perkins Cover) - Dead Dogs 2014 Rehearsals","Honey Don't (Carl Perkins Cover) - Dead Dogs 2014 Rehearsals (May ‎13, ‎2014)
#honeydont #carlperkins #deaddogsband",2020-08-23,143,4,"PLhIw1_0YGPETy5UGqmewQzcmeBZhU69db","Studio Recordings & Rehearsals","UC6CV_32l8omBfcliOOQnIew","Alessandro Speranza"
"Z-q4VTe_g8k","Bad Case Of Loving You (Doctor, Doctor) (Robert Palmer Cover) - Dead Dogs 50's Party","Dead Dogs 50's Party - Live at Cascina Bruciata (June ‎11, ‎2016)
Bad Case Of Loving You (Doctor, Doctor) (Robert Palmer Cover)
#badcaseoflovingyou #robertpalmer #deaddogsband",2016-07-28,141,1,"PLhIw1_0YGPER3H3lpApMLkc2d676B-lpD","Dead Dogs 2016 50's Party - Live at Cascina Bruciata","UC6CV_32l8omBfcliOOQnIew","Alessandro Speranza"
"AORFpaTYm4o","High Voltage (AC/DC Cover) - Dead Dogs 50's Party","High Voltage (AC/DC Cover)
Dead Dogs 50's Party - Live at Cascina Bruciata (June ‎11, ‎2016)
#highvoltage #acdc #deaddogsband",2017-02-06,141,2,"PLhIw1_0YGPER3H3lpApMLkc2d676B-lpD","Dead Dogs 2016 50's Party - Live at Cascina Bruciata","UC6CV_32l8omBfcliOOQnIew","Alessandro Speranza"
"jGQJOfd8UjM","Honky Tonk Women (The Rolling Stones Cover) - Dead Dogs 2023 Plug & Play Jam Session (Apr 6, 2023)","Honky Tonk Women (The Rolling Stones Cover)
Dead Dogs 2023 Plug & Play Jam Session - Live at Musicolepsia (Apr 6, 2023)
#honkytonkwomen #therollingstones #deaddogsband #lanostrajamédiversa @musicolepsia",2023-04-08,138,3,"PLhIw1_0YGPEStVIUkVyv2ZB4PlUeK02QW","Dead Dogs 2023 Plug & Play Jam Session (Apr 6, 2023) - Live at Musicolepsia","UC6CV_32l8omBfcliOOQnIew","Alessandro Speranza"
"bWWXHGUM7ms","Sweet About Me (Gabriella Cilmi Cover) - Dead Dogs 50's Party","Dead Dogs 50's Party - Live at Cascina Bruciata (June ‎11, ‎2016)",2016-07-27,138,0,"PLhIw1_0YGPER3H3lpApMLkc2d676B-lpD","Dead Dogs 2016 50's Party - Live at Cascina Bruciata","UC6CV_32l8omBfcliOOQnIew","Alessandro Speranza"
"ftFbtU5TN0I","Happy Days Theme (Sitcom Cover) & Final Presentation - Dead Dogs 50's Party","Happy Days Theme (Sitcom Cover) & Final Presentation
Dead Dogs 50's Party - Live at Cascina Bruciata (June ‎11, ‎2016)
#happydaystheme #deaddogsband",2016-07-28,138,1,"PLhIw1_0YGPER3H3lpApMLkc2d676B-lpD","Dead Dogs 2016 50's Party - Live at Cascina Bruciata","UC6CV_32l8omBfcliOOQnIew","Alessandro Speranza"
"1dlfIL0UX0c","One Way Or Another (Blondie Cover) - Dead Dogs 2016 Christmas Party","Dead Dogs 2016 Christmas Party - Live at Dundee Pub (December ‎18, ‎2016)",2017-01-24,134,2,"PLhIw1_0YGPEQOfk9pf6mdFPP_tzQwQIU2","Dead Dogs 2016 Christmas Party - Live at Dundee Pub","UC6CV_32l8omBfcliOOQnIew","Alessandro Speranza"
"oYDJOzSTlQk","Tie Your Mother Down (Queen Cover) - Dead Dogs 2023 Plug & Play Jam Session (Apr 6, 2023)","Tie Your Mother Down (Queen Cover)
Dead Dogs 2023 Plug & Play Jam Session - Live at Musicolepsia (Apr 6, 2023)
#tieyourmotherdown #queen #deaddogsband #lanostrajamédiversa @musicolepsia",2023-04-08,127,2,"PLhIw1_0YGPEStVIUkVyv2ZB4PlUeK02QW","Dead Dogs 2023 Plug & Play Jam Session (Apr 6, 2023) - Live at Musicolepsia","UC6CV_32l8omBfcliOOQnIew","Alessandro Speranza"
"h7we9nvKu68","Wild Night (Van Morrison Cover) - Dead Dogs 2017 1st Country Event","Dead Dogs 1st Country Event - Live at Il Nuovo Boscaccio (June ‎16, ‎2017)",2017-07-12,125,4,"PLhIw1_0YGPERgIZrg9wvCdefjvdmmbfiH","Dead Dogs 2017 1st Country Event - Live at Il Nuovo Boscaccio","UC6CV_32l8omBfcliOOQnIew","Alessandro Speranza"
"zyWHFhmv638","We Will Rock You (Queen Cover) - Dead Dogs Cristina's 50th Birthday Party","Dead Dogs Cristina's 50th Birthday Party - Live at Rocca Brivio (September ‎28, ‎2019)",2019-11-23,121,2,"PLhIw1_0YGPERkly8jenagw3o3U4H6CtxI","Dead Dogs 2019 Cristina's 50th Birthday Party - Live at Rocca Brivio","UC6CV_32l8omBfcliOOQnIew","Alessandro Speranza"
"oTvct8xRB3k","Should I Stay Or Should I Go (The Clash Cover) - Dead Dogs 2019 Christmas Party","Should I Stay Or Should I Go (The Clash Cover)
Dead Dogs 2019 Christmas Party - Live at Dundee Pub (December ‎21, ‎2019)
#shouldistayorshouldigo #theclash #deaddogsband",2020-01-24,115,4,"PLhIw1_0YGPETya3CXmcudNLE0edFQ3307","Dead Dogs 2019 Christmas Party - Live at Dundee Pub","UC6CV_32l8omBfcliOOQnIew","Alessandro Speranza"
"_pmXrPPgsrA","I Saw Her Standing There (The Beatles Cover) - Dead Dogs Camilla's Degree Party","I Saw Her Standing There (The Beatles Cover)
Dead Dogs Camilla's Degree Party - Live at Rocca Brivio (September ‎23, ‎2016)
#isawherstandingthere #thebeatles #deaddogsband",2016-10-18,113,1,"PLhIw1_0YGPEQsx48wV5tLpmYbAA5BfW53","Dead Dogs 2016 Camilla's Degree Party - Live at Rocca Brivio","UC6CV_32l8omBfcliOOQnIew","Alessandro Speranza"
"ZZp_kf68x3o","Are You Gonna Be My Girl (Jet Cover) - Dead Dogs 2017 Rehearsals","Are You Gonna Be My Girl (Jet Cover) - Dead Dogs Rehearsals for 2017 Christmas Party (December ‎16, ‎2017)
Watch the live version on YouTube: https://youtu.be/Nl-XLKyzdcY
#areyougonnabemygirl #jetcover #deaddogsband",2020-08-22,107,1,"PLhIw1_0YGPETy5UGqmewQzcmeBZhU69db","Studio Recordings & Rehearsals","UC6CV_32l8omBfcliOOQnIew","Alessandro Speranza"
"4crcbFU3uvo","We Will Rock You (Queen Cover) - Dead Dogs 2019 Christmas Party","Dead Dogs 2019 Christmas Party - Live at Dundee Pub (December ‎21, ‎2019)",2020-01-23,107,2,"PLhIw1_0YGPETya3CXmcudNLE0edFQ3307","Dead Dogs 2019 Christmas Party - Live at Dundee Pub","UC6CV_32l8omBfcliOOQnIew","Alessandro Speranza"
"ortKplaDC_k","Rock Around The Clock (Bill Haley & His Comets Cover) - Dead Dogs 50's Party","Dead Dogs 50's Party - Live at Cascina Bruciata (June ‎11, ‎2016)",2016-07-27,105,0,"PLhIw1_0YGPER3H3lpApMLkc2d676B-lpD","Dead Dogs 2016 50's Party - Live at Cascina Bruciata","UC6CV_32l8omBfcliOOQnIew","Alessandro Speranza"
"Y2XSVGiT0J4","Redneck Woman (Gretchen Wilson Cover) - Dead Dogs 2017 Rehearsals","Redneck Woman (Gretchen Wilson Cover) - Dead Dogs Rehearsals for 2017 Christmas Party (December ‎16, ‎2017)
Watch the live version on YouTube: https://youtu.be/eQnRBf-QE-0
#redneckwoman #gretchenwilson #deaddogsband",2020-08-22,104,3,"PLhIw1_0YGPETy5UGqmewQzcmeBZhU69db","Studio Recordings & Rehearsals","UC6CV_32l8omBfcliOOQnIew","Alessandro Speranza"
"WOft2Kq3RLE","Gold On The Ceiling (The Black Keys Cover) - Dead Dogs Camilla's Degree Party","Dead Dogs Camilla's Degree Party - Live at Rocca Brivio (September ‎23, ‎2016)",2016-10-18,102,0,"PLhIw1_0YGPEQsx48wV5tLpmYbAA5BfW53","Dead Dogs 2016 Camilla's Degree Party - Live at Rocca Brivio","UC6CV_32l8omBfcliOOQnIew","Alessandro Speranza"
"cwwESMc_qqs","Don't Stop Me Now (Queen Cover) - Dead Dogs 2017 Christmas Party","Dead Dogs 2017 Christmas Party - Live at Dundee Pub (December ‎17, ‎2017)",2017-12-28,101,1,"PLhIw1_0YGPEQLnaY_Nknm4RA8LLkbFkbN","Dead Dogs 2017 Christmas Party - Live at Dundee Pub","UC6CV_32l8omBfcliOOQnIew","Alessandro Speranza"
"iio_N8yHKJg","I Love Rock n' Roll (Joan Jett & the Blackhearts Cover) - Dead Dogs 2016 Christmas Party","Dead Dogs 2016 Christmas Party - Live at Dundee Pub (December ‎18, ‎2016)",2017-01-24,97,2,"PLhIw1_0YGPEQOfk9pf6mdFPP_tzQwQIU2","Dead Dogs 2016 Christmas Party - Live at Dundee Pub","UC6CV_32l8omBfcliOOQnIew","Alessandro Speranza"
"69bjzNhq1v4","Rag Doll (Aerosmith Cover) - Dead Dogs Martina's 18th Birthday Party","Dead Dogs Martina's 18th Birthday Party - Live at Dundee Pub (December ‎2, ‎2018)",2019-05-13,95,3,"PLhIw1_0YGPESAFz3ZRQ4gZTtYIvehRb3M","Dead Dogs 2018 Martina's 18th Birthday Party - Live at Dundee Pub","UC6CV_32l8omBfcliOOQnIew","Alessandro Speranza"
"kNiDllz-qfA","Rag Doll (Aerosmith Cover) - Dead Dogs Cristina's 50th Birthday Party","Dead Dogs Cristina's 50th Birthday Party - Live at Rocca Brivio (September ‎28, ‎2019)",2019-11-23,94,3,"PLhIw1_0YGPERkly8jenagw3o3U4H6CtxI","Dead Dogs 2019 Cristina's 50th Birthday Party - Live at Rocca Brivio","UC6CV_32l8omBfcliOOQnIew","Alessandro Speranza"
"eGP4c3iIVqs","Kiss (Prince Cover) - Dead Dogs 2019 1st Palco Aperto Event","Dead Dogs 1st Palco Aperto Event - Live at Mare Culturale Urbano (November ‎02, ‎2019)",2019-11-23,93,2,"PLhIw1_0YGPEQxp3qFIbmKmdEX7RGZU42B","Dead Dogs 2019 Palco Aperto - Live at Mare Culturale Urbano","UC6CV_32l8omBfcliOOQnIew","Alessandro Speranza"
"EXerf45LWZg","Rock Around The Clock (Bill Haley & His Comets Cover) - Dead Dogs Camilla's Degree Party","Dead Dogs Camilla's Degree Party - Live at Rocca Brivio (September ‎23, ‎2016)",2016-10-18,89,0,"PLhIw1_0YGPEQsx48wV5tLpmYbAA5BfW53","Dead Dogs 2016 Camilla's Degree Party - Live at Rocca Brivio","UC6CV_32l8omBfcliOOQnIew","Alessandro Speranza"
"aXXirYDMsnM","Still Standing Tall (Brady Seals Cover) - Dead Dogs 2017 1st Country Event","Dead Dogs 1st Country Event - Live at Il Nuovo Boscaccio (June ‎16, ‎2017)",2017-07-12,86,4,"PLhIw1_0YGPERgIZrg9wvCdefjvdmmbfiH","Dead Dogs 2017 1st Country Event - Live at Il Nuovo Boscaccio","UC6CV_32l8omBfcliOOQnIew","Alessandro Speranza"
"OLCn9-R1MbA","Proud Mary (Tina Turner Cover) - Dead Dogs 2019 Christmas Party","Dead Dogs 2019 Christmas Party - Live at Dundee Pub (December ‎21, ‎2019)",2020-01-24,85,4,"PLhIw1_0YGPETya3CXmcudNLE0edFQ3307","Dead Dogs 2019 Christmas Party - Live at Dundee Pub","UC6CV_32l8omBfcliOOQnIew","Alessandro Speranza"
"FMkS1dsHbe0","Eppur Mi Son Scordato Di Te (Lucio Battisti/Formula 3 Cover) - Dead Dogs 2018 Halloween Party","Dead Dogs 2018 Halloween Party - Live at Dundee Pub (October ‎31, ‎2018)",2019-03-04,85,2,"PLhIw1_0YGPEQyp_iflLtD4TAXAm8_pZVk","Dead Dogs 2018 Halloween Party - Live at Dundee Pub","UC6CV_32l8omBfcliOOQnIew","Alessandro Speranza"
"au27OHhk89g","Burning Love (Elvis Presley Cover) - Dead Dogs 2017 1st Country Event","Dead Dogs 1st Country Event - Live at Il Nuovo Boscaccio (June ‎16, ‎2017)",2017-07-12,85,2,"PLhIw1_0YGPERgIZrg9wvCdefjvdmmbfiH","Dead Dogs 2017 1st Country Event - Live at Il Nuovo Boscaccio","UC6CV_32l8omBfcliOOQnIew","Alessandro Speranza"
"Io0dW4i5HPs","Kiss (Prince Cover) - Dead Dogs 2023 Plug & Play Jam Session (May 25, 2023)","Kiss (Prince Cover)
Dead Dogs 2023 Plug & Play Jam Session - Live at Musicolepsia (May 25, 2023)
#kiss #prince #deaddogsband #lanostrajamédiversa @musicolepsia",2023-06-02,84,1,"PLhIw1_0YGPESGECtLx3YRkd98o0F14NG6","Dead Dogs 2023 Plug & Play Jam Session (May 25, 2023) - Live at Musicolepsia","UC6CV_32l8omBfcliOOQnIew","Alessandro Speranza"
"VcPZ6y4XblA","Let's Talk About Love (Jessie Farrell Cover) - Dead Dogs 2017 1st Country Event","Dead Dogs 1st Country Event - Live at Il Nuovo Boscaccio (June ‎16, ‎2017)",2017-07-12,84,0,"PLhIw1_0YGPERgIZrg9wvCdefjvdmmbfiH","Dead Dogs 2017 1st Country Event - Live at Il Nuovo Boscaccio","UC6CV_32l8omBfcliOOQnIew","Alessandro Speranza"
"2At0xhx2jTE","Life's Been Good (Joe Walsh Cover) - Dead Dogs 2002 Rehearsals","Life's Been Good (Joe Walsh Cover) - Dead Dogs 2002 Rehearsals (Rarities)
#lifesbeengood #joewalsh #deaddogsband",2020-09-04,81,2,"PLhIw1_0YGPETy5UGqmewQzcmeBZhU69db","Studio Recordings & Rehearsals","UC6CV_32l8omBfcliOOQnIew","Alessandro Speranza"
"Y8KaNNdLP8I","Don't Stop Me Now (Queen Cover), Bis - Dead Dogs 2017 Christmas Party","Dead Dogs 2017 Christmas Party - Live at Dundee Pub (December ‎17, ‎2017)",2017-12-28,81,1,"PLhIw1_0YGPEQLnaY_Nknm4RA8LLkbFkbN","Dead Dogs 2017 Christmas Party - Live at Dundee Pub","UC6CV_32l8omBfcliOOQnIew","Alessandro Speranza"
"IJOubaRy2XM","Should I Stay Or Should I Go (The Clash Cover) - Dead Dogs Camilla's Degree Party","Should I Stay Or Should I Go (The Clash Cover)
Dead Dogs Camilla's Degree Party - Live at Rocca Brivio (September ‎23, ‎2016)
#shouldistayorshouldigo #theclash #deaddogsband",2016-10-18,81,0,"PLhIw1_0YGPEQsx48wV5tLpmYbAA5BfW53","Dead Dogs 2016 Camilla's Degree Party - Live at Rocca Brivio","UC6CV_32l8omBfcliOOQnIew","Alessandro Speranza"
"4L-hME5a24g","You Shook Me All Night Long (AC/DC Cover) - Dead Dogs 2019 1st Palco Aperto Event","You Shook Me All Night Long (AC/DC Cover)
Dead Dogs 1st Palco Aperto Event - Live at Mare Culturale Urbano (November ‎02, ‎2019)
#youshookmeallnightlong #acdc #deaddogsband",2019-11-23,80,3,"PLhIw1_0YGPEQxp3qFIbmKmdEX7RGZU42B","Dead Dogs 2019 Palco Aperto - Live at Mare Culturale Urbano","UC6CV_32l8omBfcliOOQnIew","Alessandro Speranza"
"dCsMB4Ez_Cs","High Voltage (AC/DC Cover) - Dead Dogs 2019 1st Palco Aperto Event","High Voltage (AC/DC Cover)
Dead Dogs 1st Palco Aperto Event - Live at Mare Culturale Urbano (November ‎02, ‎2019)
#highvoltage #acdc #deaddogsband",2019-11-23,80,3,"PLhIw1_0YGPEQxp3qFIbmKmdEX7RGZU42B","Dead Dogs 2019 Palco Aperto - Live at Mare Culturale Urbano","UC6CV_32l8omBfcliOOQnIew","Alessandro Speranza"
"o-NDGtL8zZU","Black Horse And The Cherry Tree (KT Tunstall Cover) - Dead Dogs 2016 Christmas Party","Dead Dogs 2016 Christmas Party - Live at Dundee Pub (December ‎18, ‎2016)",2017-01-24,78,2,"PLhIw1_0YGPEQOfk9pf6mdFPP_tzQwQIU2","Dead Dogs 2016 Christmas Party - Live at Dundee Pub","UC6CV_32l8omBfcliOOQnIew","Alessandro Speranza"
"Xw5dEfLk7bo","Here Comes The Sun (The Beatles Cover) - Dead Dogs 2014 Rehearsals","Here Comes The Sun (The Beatles Cover) - Dead Dogs 2014 Rehearsals (April ‎11, ‎2014)
#herecomesthesun #thebeatles #deaddogsband",2020-09-20,77,3,"PLhIw1_0YGPETy5UGqmewQzcmeBZhU69db","Studio Recordings & Rehearsals","UC6CV_32l8omBfcliOOQnIew","Alessandro Speranza"
"Y2qsehr_r00","My Sharona (The Knack Cover) - Dead Dogs 50's Party","Dead Dogs 50's Party - Live at Cascina Bruciata (June ‎11, ‎2016)",2016-07-28,77,0,"PLhIw1_0YGPER3H3lpApMLkc2d676B-lpD","Dead Dogs 2016 50's Party - Live at Cascina Bruciata","UC6CV_32l8omBfcliOOQnIew","Alessandro Speranza"
"SHNlxTAWMzo","Sweet Home Alabama (Lynyrd Skynyrd Cover) - Dead Dogs 2017 1st Country Event","Dead Dogs 1st Country Event - Live at Il Nuovo Boscaccio (June ‎16, ‎2017)",2017-07-12,76,1,"PLhIw1_0YGPERgIZrg9wvCdefjvdmmbfiH","Dead Dogs 2017 1st Country Event - Live at Il Nuovo Boscaccio","UC6CV_32l8omBfcliOOQnIew","Alessandro Speranza"
"tJXsJJBvv9M","Chelsea Dagger (The Fratellis Cover) - Dead Dogs 2019 Christmas Party","Dead Dogs 2019 Christmas Party - Live at Dundee Pub (December ‎21, ‎2019)",2020-01-24,75,3,"PLhIw1_0YGPETya3CXmcudNLE0edFQ3307","Dead Dogs 2019 Christmas Party - Live at Dundee Pub","UC6CV_32l8omBfcliOOQnIew","Alessandro Speranza"
"I4ZBUI1McHQ","Roxanne (The Police Cover) - Dead Dogs 2019 Christmas Party","Dead Dogs 2019 Christmas Party - Live at Dundee Pub (December ‎21, ‎2019)",2020-01-24,73,3,"PLhIw1_0YGPETya3CXmcudNLE0edFQ3307","Dead Dogs 2019 Christmas Party - Live at Dundee Pub","UC6CV_32l8omBfcliOOQnIew","Alessandro Speranza"
"NHxaRrpDMfI","Waterloo (Abba Cover) - Dead Dogs 2016 Christmas Party","Dead Dogs 2016 Christmas Party - Live at Dundee Pub (December ‎18, ‎2016)",2017-01-24,72,1,"PLhIw1_0YGPEQOfk9pf6mdFPP_tzQwQIU2","Dead Dogs 2016 Christmas Party - Live at Dundee Pub","UC6CV_32l8omBfcliOOQnIew","Alessandro Speranza"
"ZmHewS6KB9E","Footloose (Kenny Loggins Cover) - Dead Dogs 2016 Christmas Party","Dead Dogs 2016 Christmas Party - Live at Dundee Pub (December ‎18, ‎2016)",2017-01-24,72,0,"PLhIw1_0YGPEQOfk9pf6mdFPP_tzQwQIU2","Dead Dogs 2016 Christmas Party - Live at Dundee Pub","UC6CV_32l8omBfcliOOQnIew","Alessandro Speranza"
"XtN4NMFBKcY","Man! I Feel Like A Woman (Shania Twain Cover) - Dead Dogs Martina's 18th Birthday Party","Dead Dogs Martina's 18th Birthday Party - Live at Dundee Pub (December ‎2, ‎2018)",2019-05-13,71,1,"PLhIw1_0YGPESAFz3ZRQ4gZTtYIvehRb3M","Dead Dogs 2018 Martina's 18th Birthday Party - Live at Dundee Pub","UC6CV_32l8omBfcliOOQnIew","Alessandro Speranza"
"nETPxwYCMCc","Stuck In The Middle With You (Stealers Wheel Cover) - Dead Dogs Plug & Play Jam Session (25/05/2023)","Stuck In The Middle With You (Stealers Wheel Cover)
Dead Dogs 2023 Plug & Play Jam Session - Live at Musicolepsia (May 25, 2023)
#stuckinthemiddle #stealerswheel #deaddogsband #lanostrajamédiversa @musicolepsia",2023-06-02,70,1,"PLhIw1_0YGPESGECtLx3YRkd98o0F14NG6","Dead Dogs 2023 Plug & Play Jam Session (May 25, 2023) - Live at Musicolepsia","UC6CV_32l8omBfcliOOQnIew","Alessandro Speranza"
"c_3HwYoAU5U","Let It Snow (Dean Martin Cover) - Dead Dogs 2019 Christmas Party","Dead Dogs 2019 Christmas Party - Live at Dundee Pub (December ‎21, ‎2019)",2020-01-24,70,2,"PLhIw1_0YGPETya3CXmcudNLE0edFQ3307","Dead Dogs 2019 Christmas Party - Live at Dundee Pub","UC6CV_32l8omBfcliOOQnIew","Alessandro Speranza"
"rn6OUi4GRmw","My Sharona (The Knack Cover) - Dead Dogs Camilla's Degree Party","Dead Dogs Camilla's Degree Party - Live at Rocca Brivio (September ‎23, ‎2016)",2016-10-18,70,2,"PLhIw1_0YGPEQsx48wV5tLpmYbAA5BfW53","Dead Dogs 2016 Camilla's Degree Party - Live at Rocca Brivio","UC6CV_32l8omBfcliOOQnIew","Alessandro Speranza"
"jBkTFCwiXJw","Man! I Feel Like A Woman (Shania Twain Cover) - Dead Dogs 2017 Christmas Party","Dead Dogs 2017 Christmas Party - Live at Dundee Pub (December ‎17, ‎2017)",2017-12-28,68,2,"PLhIw1_0YGPEQLnaY_Nknm4RA8LLkbFkbN","Dead Dogs 2017 Christmas Party - Live at Dundee Pub","UC6CV_32l8omBfcliOOQnIew","Alessandro Speranza"
"6Ivs22lffSI","Get Over It (Eagles Cover) - Dead Dogs 2018 Halloween Party","Dead Dogs 2018 Halloween Party - Live at Dundee Pub (October ‎31, ‎2018)",2019-03-04,67,1,"PLhIw1_0YGPEQyp_iflLtD4TAXAm8_pZVk","Dead Dogs 2018 Halloween Party - Live at Dundee Pub","UC6CV_32l8omBfcliOOQnIew","Alessandro Speranza"
"jHchlbZEVGk","Kiss (Prince Cover) - Dead Dogs 2019 Christmas Party","Dead Dogs 2019 Christmas Party - Live at Dundee Pub (December ‎21, ‎2019)",2020-01-24,66,1,"PLhIw1_0YGPETya3CXmcudNLE0edFQ3307","Dead Dogs 2019 Christmas Party - Live at Dundee Pub","UC6CV_32l8omBfcliOOQnIew","Alessandro Speranza"
"RwXh54-8Wxk","Proud Mary (Tina Turner Cover) - Dead Dogs 2019 1st Palco Aperto Event","Dead Dogs 1st Palco Aperto Event - Live at Mare Culturale Urbano (November ‎02, ‎2019)",2019-11-23,66,3,"PLhIw1_0YGPEQxp3qFIbmKmdEX7RGZU42B","Dead Dogs 2019 Palco Aperto - Live at Mare Culturale Urbano","UC6CV_32l8omBfcliOOQnIew","Alessandro Speranza"
"iE9Gu5gPfuE","Rome Wasn't Built In A Day (Morcheeba Cover) - Dead Dogs Martina's 18th Birthday Party","Dead Dogs Martina's 18th Birthday Party - Live at Dundee Pub (December ‎2, ‎2018)",2019-05-13,65,1,"PLhIw1_0YGPESAFz3ZRQ4gZTtYIvehRb3M","Dead Dogs 2018 Martina's 18th Birthday Party - Live at Dundee Pub","UC6CV_32l8omBfcliOOQnIew","Alessandro Speranza"
"xoe8BshKfME","These Boots Are Made for Walkin' (Nancy Sinatra Cover) - Dead Dogs 2018 Halloween Party","Dead Dogs 2018 Halloween Party - Live at Dundee Pub (October ‎31, ‎2018)",2019-03-04,64,0,"PLhIw1_0YGPEQyp_iflLtD4TAXAm8_pZVk","Dead Dogs 2018 Halloween Party - Live at Dundee Pub","UC6CV_32l8omBfcliOOQnIew","Alessandro Speranza"
"XtoK00nCDdg","One (U2 Cover) - Dead Dogs 50's Party","Dead Dogs 50's Party - Live at Cascina Bruciata (June ‎11, ‎2016)",2016-07-28,64,0,"PLhIw1_0YGPER3H3lpApMLkc2d676B-lpD","Dead Dogs 2016 50's Party - Live at Cascina Bruciata","UC6CV_32l8omBfcliOOQnIew","Alessandro Speranza"
"ifPKBO_1Fls","Jingle Bell Rock (Bobby Helms Cover) - Dead Dogs 2019 Christmas Party","Dead Dogs 2019 Christmas Party - Live at Dundee Pub (December ‎21, ‎2019)",2020-01-24,63,3,"PLhIw1_0YGPETya3CXmcudNLE0edFQ3307","Dead Dogs 2019 Christmas Party - Live at Dundee Pub","UC6CV_32l8omBfcliOOQnIew","Alessandro Speranza"
"bWEQPuZ3guM","Kiss (Prince Cover) - Dead Dogs Martina's 18th Birthday Party","Dead Dogs Martina's 18th Birthday Party - Live at Dundee Pub (December ‎2, ‎2018)",2019-05-13,63,0,"PLhIw1_0YGPESAFz3ZRQ4gZTtYIvehRb3M","Dead Dogs 2018 Martina's 18th Birthday Party - Live at Dundee Pub","UC6CV_32l8omBfcliOOQnIew","Alessandro Speranza"
"UFIvZsxYdKI","Highway To Hell (AC/DC Cover) - Dead Dogs 2019 1st Palco Aperto Event","Highway To Hell (AC/DC Cover)
Dead Dogs 1st Palco Aperto Event - Live at Mare Culturale Urbano (November ‎02, ‎2019)
#highwaytohell #acdc #deaddogsband",2019-11-23,62,4,"PLhIw1_0YGPEQxp3qFIbmKmdEX7RGZU42B","Dead Dogs 2019 Palco Aperto - Live at Mare Culturale Urbano","UC6CV_32l8omBfcliOOQnIew","Alessandro Speranza"
"Rhia6hieDrQ","Take It Easy (Eagles Cover) - Dead Dogs Camilla's Degree Party","Dead Dogs Camilla's Degree Party - Live at Rocca Brivio (September ‎23, ‎2016)",2016-10-18,62,2,"PLhIw1_0YGPEQsx48wV5tLpmYbAA5BfW53","Dead Dogs 2016 Camilla's Degree Party - Live at Rocca Brivio","UC6CV_32l8omBfcliOOQnIew","Alessandro Speranza"
"lgtMTSV79XI","Chelsea Dagger (The Fratellis Cover) - Dead Dogs 2019 1st Palco Aperto Event","Dead Dogs 1st Palco Aperto Event - Live at Mare Culturale Urbano (November ‎02, ‎2019)",2019-11-23,60,3,"PLhIw1_0YGPEQxp3qFIbmKmdEX7RGZU42B","Dead Dogs 2019 Palco Aperto - Live at Mare Culturale Urbano","UC6CV_32l8omBfcliOOQnIew","Alessandro Speranza"
"SBPFoFFtv3Q","Sweet Home Alabama (Lynyrd Skynyrd Cover) - Dead Dogs Martina's 18th Birthday Party","Dead Dogs Martina's 18th Birthday Party - Live at Dundee Pub (December ‎2, ‎2018)",2019-05-13,60,2,"PLhIw1_0YGPESAFz3ZRQ4gZTtYIvehRb3M","Dead Dogs 2018 Martina's 18th Birthday Party - Live at Dundee Pub","UC6CV_32l8omBfcliOOQnIew","Alessandro Speranza"
"49Ig-4tGcBw","Time Warp & I Saw Her Standing There (TRHPS & The Beatles Covers) - Dead Dogs 2018 Halloween Party","Time Warp & I Saw Her Standing There (TRHPS & The Beatles Covers)
Dead Dogs 2018 Halloween Party - Live at Dundee Pub (October ‎31, ‎2018)
#timewarp #therockyhorrorpictureshow #isawherstandingthere #thebeatles #deaddogsband",2019-03-04,60,0,"PLhIw1_0YGPEQyp_iflLtD4TAXAm8_pZVk","Dead Dogs 2018 Halloween Party - Live at Dundee Pub","UC6CV_32l8omBfcliOOQnIew","Alessandro Speranza"
"Xt0zcJIUvNY","Whole Lotta Shakin' Goin' On (Jerry Lee Lewis Cover) - Dead Dogs Cristina's 50th Birthday Party","Dead Dogs Cristina's 50th Birthday Party - Live at Rocca Brivio (September ‎28, ‎2019)",2019-11-23,59,1,"PLhIw1_0YGPERkly8jenagw3o3U4H6CtxI","Dead Dogs 2019 Cristina's 50th Birthday Party - Live at Rocca Brivio","UC6CV_32l8omBfcliOOQnIew","Alessandro Speranza"
"PbWsnBALnug","I Love Rock n' Roll (Joan Jett & the Blackhearts Cover) - Dead Dogs 2019 1st Palco Aperto Event","Dead Dogs 1st Palco Aperto Event - Live at Mare Culturale Urbano (November ‎02, ‎2019)",2019-11-23,58,3,"PLhIw1_0YGPEQxp3qFIbmKmdEX7RGZU42B","Dead Dogs 2019 Palco Aperto - Live at Mare Culturale Urbano","UC6CV_32l8omBfcliOOQnIew","Alessandro Speranza"
"QWXRYj2sDBI","Rock And Roll (Led Zeppelin Cover) - Dead Dogs 2018 Halloween Party","Dead Dogs 2018 Halloween Party - Live at Dundee Pub (October ‎31, ‎2018)",2019-03-04,58,2,"PLhIw1_0YGPEQyp_iflLtD4TAXAm8_pZVk","Dead Dogs 2018 Halloween Party - Live at Dundee Pub","UC6CV_32l8omBfcliOOQnIew","Alessandro Speranza"
"NDkenD6Wgio","Run Run Rudolph (Kelly Clarkson Cover) - Dead Dogs 2017 Christmas Party","Dead Dogs 2017 Christmas Party - Live at Dundee Pub (December ‎17, ‎2017)",2017-12-28,58,0,"PLhIw1_0YGPEQLnaY_Nknm4RA8LLkbFkbN","Dead Dogs 2017 Christmas Party - Live at Dundee Pub","UC6CV_32l8omBfcliOOQnIew","Alessandro Speranza"
"9yn7hpSjvoY","Rome Wasn't Built In A Day (Morcheeba Cover) - Dead Dogs 2018 Halloween Party","Dead Dogs 2018 Halloween Party - Live at Dundee Pub (October ‎31, ‎2018)",2019-03-04,57,0,"PLhIw1_0YGPEQyp_iflLtD4TAXAm8_pZVk","Dead Dogs 2018 Halloween Party - Live at Dundee Pub","UC6CV_32l8omBfcliOOQnIew","Alessandro Speranza"
"bnZmxd7qQ9g","Crazy Little Thing Called Love (Queen Cover) - Dead Dogs 2016 Christmas Party","Dead Dogs 2016 Christmas Party - Live at Dundee Pub (December ‎18, ‎2016)",2017-01-24,56,2,"PLhIw1_0YGPEQOfk9pf6mdFPP_tzQwQIU2","Dead Dogs 2016 Christmas Party - Live at Dundee Pub","UC6CV_32l8omBfcliOOQnIew","Alessandro Speranza"
"ZNPidYs-Gx0","Rag Doll (Aerosmith Cover) - Dead Dogs 2018 Halloween Party","Dead Dogs 2018 Halloween Party - Live at Dundee Pub (October ‎31, ‎2018)",2019-03-04,55,0,"PLhIw1_0YGPEQyp_iflLtD4TAXAm8_pZVk","Dead Dogs 2018 Halloween Party - Live at Dundee Pub","UC6CV_32l8omBfcliOOQnIew","Alessandro Speranza"
"7zvBvlBjfdA","Footloose (Kenny Loggins Cover) - Dead Dogs 2017 1st Country Event","Dead Dogs 1st Country Event - Live at Il Nuovo Boscaccio (June ‎16, ‎2017)",2017-07-12,55,2,"PLhIw1_0YGPERgIZrg9wvCdefjvdmmbfiH","Dead Dogs 2017 1st Country Event - Live at Il Nuovo Boscaccio","UC6CV_32l8omBfcliOOQnIew","Alessandro Speranza"
"YLk8ynchqYs","Let It Snow (Dean Martin Cover) - Dead Dogs 2016 Christmas Party","Dead Dogs 2016 Christmas Party - Live at Dundee Pub (December ‎18, ‎2016)",2017-01-24,54,1,"PLhIw1_0YGPEQOfk9pf6mdFPP_tzQwQIU2","Dead Dogs 2016 Christmas Party - Live at Dundee Pub","UC6CV_32l8omBfcliOOQnIew","Alessandro Speranza"
"IW-9FfTmykQ","Don't Stop Me Now (Queen Cover) - Dead Dogs 2019 Christmas Party","Dead Dogs 2019 Christmas Party - Live at Dundee Pub (December ‎21, ‎2019)",2020-01-24,53,4,"PLhIw1_0YGPETya3CXmcudNLE0edFQ3307","Dead Dogs 2019 Christmas Party - Live at Dundee Pub","UC6CV_32l8omBfcliOOQnIew","Alessandro Speranza"
"f_Ww29I389E","Cocaine (Eric Clapton Cover) - Dead Dogs Cristina's 50th Birthday Party","Dead Dogs Cristina's 50th Birthday Party - Live at Rocca Brivio (September ‎28, ‎2019)",2019-11-23,52,1,"PLhIw1_0YGPERkly8jenagw3o3U4H6CtxI","Dead Dogs 2019 Cristina's 50th Birthday Party - Live at Rocca Brivio","UC6CV_32l8omBfcliOOQnIew","Alessandro Speranza"
"WKnG9910BXg","Should I Stay Or Should I Go (The Clash Cover) - Dead Dogs 2019 1st Palco Aperto Event","Should I Stay Or Should I Go (The Clash Cover)
Dead Dogs 1st Palco Aperto Event - Live at Mare Culturale Urbano (November ‎02, ‎2019)
#shouldistayorshouldigo #theclash #deaddogsband",2019-11-23,51,2,"PLhIw1_0YGPEQxp3qFIbmKmdEX7RGZU42B","Dead Dogs 2019 Palco Aperto - Live at Mare Culturale Urbano","UC6CV_32l8omBfcliOOQnIew","Alessandro Speranza"
"uUdFEMoerQo","Santa Claus Is Coming To Town (J.F. Coots & H. Gillespie Cover) - Dead Dogs 2016 Christmas Party","Dead Dogs 2016 Christmas Party - Live at Dundee Pub (December ‎18, ‎2016)",2017-01-24,50,2,"PLhIw1_0YGPEQOfk9pf6mdFPP_tzQwQIU2","Dead Dogs 2016 Christmas Party - Live at Dundee Pub","UC6CV_32l8omBfcliOOQnIew","Alessandro Speranza"
"GGch5H0qN2E","Sweet Home Alabama (Lynyrd Skynyrd Cover) - Dead Dogs 2018 Halloween Party","Dead Dogs 2018 Halloween Party - Live at Dundee Pub (October ‎31, ‎2018)",2019-03-04,49,0,"PLhIw1_0YGPEQyp_iflLtD4TAXAm8_pZVk","Dead Dogs 2018 Halloween Party - Live at Dundee Pub","UC6CV_32l8omBfcliOOQnIew","Alessandro Speranza"
"8TD2KAEC0tE","Sex Machine (James Brown Cover) - Dead Dogs 2018 Halloween Party","Dead Dogs 2018 Halloween Party - Live at Dundee Pub (October ‎31, ‎2018)",2019-03-04,47,0,"PLhIw1_0YGPEQyp_iflLtD4TAXAm8_pZVk","Dead Dogs 2018 Halloween Party - Live at Dundee Pub","UC6CV_32l8omBfcliOOQnIew","Alessandro Speranza"
"8ai_Bsy1Ok0","Kiss (Prince Cover) - Dead Dogs 2018 Halloween Party","Dead Dogs 2018 Halloween Party - Live at Dundee Pub (October ‎31, ‎2018)",2019-03-04,46,3,"PLhIw1_0YGPEQyp_iflLtD4TAXAm8_pZVk","Dead Dogs 2018 Halloween Party - Live at Dundee Pub","UC6CV_32l8omBfcliOOQnIew","Alessandro Speranza"
"5A2A97hcDLI","It Happens (Sugarland Cover) - Dead Dogs 2017 1st Country Event","Dead Dogs 1st Country Event - Live at Il Nuovo Boscaccio (June ‎16, ‎2017)",2017-07-12,46,2,"PLhIw1_0YGPERgIZrg9wvCdefjvdmmbfiH","Dead Dogs 2017 1st Country Event - Live at Il Nuovo Boscaccio","UC6CV_32l8omBfcliOOQnIew","Alessandro Speranza"
"wUmAY6SDRKA","Kiss (Prince Cover) - Dead Dogs Cristina's 50th Birthday Party","Dead Dogs Cristina's 50th Birthday Party - Live at Rocca Brivio (September ‎28, ‎2019)",2019-11-23,45,2,"PLhIw1_0YGPERkly8jenagw3o3U4H6CtxI","Dead Dogs 2019 Cristina's 50th Birthday Party - Live at Rocca Brivio","UC6CV_32l8omBfcliOOQnIew","Alessandro Speranza"
"h9ZjAwCiq64","Lonely Boy (The Black Keys Cover) - Dead Dogs 2019 1st Palco Aperto Event","Dead Dogs 1st Palco Aperto Event - Live at Mare Culturale Urbano (November ‎02, ‎2019)",2019-11-23,44,2,"PLhIw1_0YGPEQxp3qFIbmKmdEX7RGZU42B","Dead Dogs 2019 Palco Aperto - Live at Mare Culturale Urbano","UC6CV_32l8omBfcliOOQnIew","Alessandro Speranza"
"UvVhLo9vE5c","Highway To Hell (AC/DC Cover) - Dead Dogs Cristina's 50th Birthday Party","Highway To Hell (AC/DC Cover)
Dead Dogs Cristina's 50th Birthday Party - Live at Rocca Brivio (September ‎28, ‎2019)
#highwaytohell #acdc #deaddogsband",2019-11-23,44,1,"PLhIw1_0YGPERkly8jenagw3o3U4H6CtxI","Dead Dogs 2019 Cristina's 50th Birthday Party - Live at Rocca Brivio","UC6CV_32l8omBfcliOOQnIew","Alessandro Speranza"
"WiSUKa4LSP4","You Shook Me All Night Long (AC/DC Cover) - Dead Dogs 2018 Halloween Party","You Shook Me All Night Long (AC/DC Cover)
Dead Dogs 2018 Halloween Party - Live at Dundee Pub (October ‎31, ‎2018)
#youshookmeallnightlong #acdc #deaddogsband",2019-03-04,44,5,"PLhIw1_0YGPEQyp_iflLtD4TAXAm8_pZVk","Dead Dogs 2018 Halloween Party - Live at Dundee Pub","UC6CV_32l8omBfcliOOQnIew","Alessandro Speranza"
"KeI4OGETeRc","La Vita E' Bella (Movie Soundtrack Cover) - Dead Dogs 2023 Mama's 80th Birthday Party","La Vita E' Bella (La Vita E' Bella Movie Soundtrack Cover)
Dead Dogs 2023 Mama's 80th Birthday Party - Live at Bob Food and More (September 12, 2023)
#lavitaebella #nicolapiovani #deaddogsband

La Vita E' Bella  - Dead Dogs lineup features:
Corrado Speranza: drums
Filippo Gobbi: bass guitar
Cristina Bertoni: lead vocals
Livio Bariani: electric guitar
Alessandro Speranza: acoustic guitar

Video & sound editing with CapCut",2023-09-30,43,1,"PLhIw1_0YGPESQYg-TivCb5WBjsW4zQa0O","Dead Dogs 2023 Mama's 80th Birthday Party - Live at Bob Food and More","UC6CV_32l8omBfcliOOQnIew","Alessandro Speranza"
"4qBMvOjN1es","Crazy Little Thing Called Love (Queen Cover) - Dead Dogs Camilla's Degree Party","Dead Dogs Camilla's Degree Party - Live at Rocca Brivio (September ‎23, ‎2016)",2017-02-07,43,0,"PLhIw1_0YGPEQsx48wV5tLpmYbAA5BfW53","Dead Dogs 2016 Camilla's Degree Party - Live at Rocca Brivio","UC6CV_32l8omBfcliOOQnIew","Alessandro Speranza"
"mp2PFl-7olA","You Shook Me All Night Long (AC/DC Cover) - Dead Dogs Camilla's Degree Party","You Shook Me All Night Long (AC/DC Cover)
Dead Dogs Camilla's Degree Party - Live at Rocca Brivio (September ‎23, ‎2016)
#youshookmeallnightlong #acdc #deaddogsband",2016-10-18,43,1,"PLhIw1_0YGPEQsx48wV5tLpmYbAA5BfW53","Dead Dogs 2016 Camilla's Degree Party - Live at Rocca Brivio","UC6CV_32l8omBfcliOOQnIew","Alessandro Speranza"
"wQP7iXAhM14","You Shook Me All Night Long (AC/DC Cover) - Dead Dogs Cristina's 50th Birthday Party","You Shook Me All Night Long (AC/DC Cover)
Dead Dogs Cristina's 50th Birthday Party - Live at Rocca Brivio (September ‎28, ‎2019)
#youshookmeallnightlong #acdc #deaddogsband",2019-11-23,42,1,"PLhIw1_0YGPERkly8jenagw3o3U4H6CtxI","Dead Dogs 2019 Cristina's 50th Birthday Party - Live at Rocca Brivio","UC6CV_32l8omBfcliOOQnIew","Alessandro Speranza"
"AtsZkhy7Nqs","Knock On Wood (Eddie Floyd Cover) - Dead Dogs Cristina's 50th Birthday Party","Dead Dogs Cristina's 50th Birthday Party - Live at Rocca Brivio (September ‎28, ‎2019)",2019-11-23,42,1,"PLhIw1_0YGPERkly8jenagw3o3U4H6CtxI","Dead Dogs 2019 Cristina's 50th Birthday Party - Live at Rocca Brivio","UC6CV_32l8omBfcliOOQnIew","Alessandro Speranza"
"68Cnp21SGxI","Sunshine Of Your Love (Cream Cover) - Dead Dogs 50's Party","Dead Dogs 50's Party - Live at Cascina Bruciata (June ‎11, ‎2016)",2017-02-06,41,0,"PLhIw1_0YGPER3H3lpApMLkc2d676B-lpD","Dead Dogs 2016 50's Party - Live at Cascina Bruciata","UC6CV_32l8omBfcliOOQnIew","Alessandro Speranza"
"6pvkl7bRTJA","I Love Rock n' Roll (Joan Jett & the Blackhearts Cover) - Dead Dogs 2018 Halloween Party","Dead Dogs 2018 Halloween Party - Live at Dundee Pub (October ‎31, ‎2018)",2019-03-04,40,1,"PLhIw1_0YGPEQyp_iflLtD4TAXAm8_pZVk","Dead Dogs 2018 Halloween Party - Live at Dundee Pub","UC6CV_32l8omBfcliOOQnIew","Alessandro Speranza"
"NsVQo5D94nE","Feliz Navidad (José Feliciano Cover) - Dead Dogs 2016 Christmas Party","Dead Dogs 2016 Christmas Party - Live at Dundee Pub (December ‎18, ‎2016)",2017-01-24,40,0,"PLhIw1_0YGPEQOfk9pf6mdFPP_tzQwQIU2","Dead Dogs 2016 Christmas Party - Live at Dundee Pub","UC6CV_32l8omBfcliOOQnIew","Alessandro Speranza"
"PAOHP2jIx3U","Theme From New York, New York (Movie Soundtrack Cover) - Dead Dogs 2023 Mama's 80th Birthday Party","Theme From New York, New York (New York, New York Movie Soundtrack Cover)
Dead Dogs 2023 Mama's 80th Birthday Party - Live at Bob Food and More (September 12, 2023)
#newyorknewyork #lizaminnelli #deaddogsband

Theme From New York, New York  - Dead Dogs lineup features:
Corrado Speranza: drums
Filippo Gobbi: bass guitar
Cristina Bertoni: lead vocals
Alessandro Speranza: electric guitar

Video & sound editing with CapCut",2023-09-30,39,1,"PLhIw1_0YGPESQYg-TivCb5WBjsW4zQa0O","Dead Dogs 2023 Mama's 80th Birthday Party - Live at Bob Food and More","UC6CV_32l8omBfcliOOQnIew","Alessandro Speranza"
"-WEYYwkgsSQ","Eppur Mi Son Scordato Di Te (Lucio Battisti/Formula 3 Cover) - Dead Dogs 2017 Christmas Party","Dead Dogs 2017 Christmas Party - Live at Dundee Pub (December ‎17, ‎2017)",2017-12-28,39,1,"PLhIw1_0YGPEQLnaY_Nknm4RA8LLkbFkbN","Dead Dogs 2017 Christmas Party - Live at Dundee Pub","UC6CV_32l8omBfcliOOQnIew","Alessandro Speranza"
"-gqV7wsyVOA","One Love (Bob Marley & The Wailers Cover) - Dead Dogs 2017 Christmas Party","Dead Dogs 2017 Christmas Party - Live at Dundee Pub (December ‎17, ‎2017)",2017-12-28,39,1,"PLhIw1_0YGPEQLnaY_Nknm4RA8LLkbFkbN","Dead Dogs 2017 Christmas Party - Live at Dundee Pub","UC6CV_32l8omBfcliOOQnIew","Alessandro Speranza"
"LEk6wpigViU","Lonely Boy (The Black Keys Cover) - Dead Dogs 2019 Christmas Party","Dead Dogs 2019 Christmas Party - Live at Dundee Pub (December ‎21, ‎2019)",2020-01-24,37,2,"PLhIw1_0YGPETya3CXmcudNLE0edFQ3307","Dead Dogs 2019 Christmas Party - Live at Dundee Pub","UC6CV_32l8omBfcliOOQnIew","Alessandro Speranza"
"EOPKMGeUm1s","I Love Rock n' Roll (Joan Jett & the Blackhearts Cover) - Dead Dogs 2017 1st Country Event","Dead Dogs 1st Country Event - Live at Il Nuovo Boscaccio (June ‎16, ‎2017)",2017-07-12,37,4,"PLhIw1_0YGPERgIZrg9wvCdefjvdmmbfiH","Dead Dogs 2017 1st Country Event - Live at Il Nuovo Boscaccio","UC6CV_32l8omBfcliOOQnIew","Alessandro Speranza"
"mBJ6MXfnalc","Should I Stay Or Should I Go (The Clash Cover) - Dead Dogs Cristina's 50th Birthday Party","Should I Stay Or Should I Go (The Clash Cover)
Dead Dogs Cristina's 50th Birthday Party - Live at Rocca Brivio (September ‎28, ‎2019)
#shouldistayorshouldigo #theclash #deaddogsband",2019-11-23,36,1,"PLhIw1_0YGPERkly8jenagw3o3U4H6CtxI","Dead Dogs 2019 Cristina's 50th Birthday Party - Live at Rocca Brivio","UC6CV_32l8omBfcliOOQnIew","Alessandro Speranza"
"eQnRBf-QE-0","Redneck Woman (Gretchen Wilson Cover) - Dead Dogs 2017 Christmas Party","Dead Dogs 2017 Christmas Party - Live at Dundee Pub (December ‎17, ‎2017)",2017-12-28,36,0,"PLhIw1_0YGPEQLnaY_Nknm4RA8LLkbFkbN","Dead Dogs 2017 Christmas Party - Live at Dundee Pub","UC6CV_32l8omBfcliOOQnIew","Alessandro Speranza"
"Nl-XLKyzdcY","Are You Gonna Be My Girl (Jet Cover) - Dead Dogs 2017 Christmas Party","Dead Dogs 2017 Christmas Party - Live at Dundee Pub (December ‎17, ‎2017)",2017-12-28,35,2,"PLhIw1_0YGPEQLnaY_Nknm4RA8LLkbFkbN","Dead Dogs 2017 Christmas Party - Live at Dundee Pub","UC6CV_32l8omBfcliOOQnIew","Alessandro Speranza"
"5C6jf-v18oE","Winter Wonderland (F. Bernard & R.B. Smith Cover) - Dead Dogs 2017 Christmas Party","Dead Dogs 2017 Christmas Party - Live at Dundee Pub (December ‎17, ‎2017)",2017-12-28,34,1,"PLhIw1_0YGPEQLnaY_Nknm4RA8LLkbFkbN","Dead Dogs 2017 Christmas Party - Live at Dundee Pub","UC6CV_32l8omBfcliOOQnIew","Alessandro Speranza"
"Q0GzoHK_7L0","One Way Or Another (One Direction Cover) - Dead Dogs Martina's 18th Birthday Party","Dead Dogs Martina's 18th Birthday Party - Live at Dundee Pub (December ‎2, ‎2018)",2019-05-13,33,1,"PLhIw1_0YGPESAFz3ZRQ4gZTtYIvehRb3M","Dead Dogs 2018 Martina's 18th Birthday Party - Live at Dundee Pub","UC6CV_32l8omBfcliOOQnIew","Alessandro Speranza"
"93Qnnjhkz_U","Should I Stay Or Should I Go (The Clash Cover) - Dead Dogs 2016 Christmas Party","Should I Stay Or Should I Go (The Clash Cover)
Dead Dogs 2016 Christmas Party - Live at Dundee Pub (December ‎18, ‎2016)
#shouldistayorshouldigo #theclash #deaddogsband",2017-01-24,33,1,"PLhIw1_0YGPEQOfk9pf6mdFPP_tzQwQIU2","Dead Dogs 2016 Christmas Party - Live at Dundee Pub","UC6CV_32l8omBfcliOOQnIew","Alessandro Speranza"
"fdK09OJAiDk","Crazy Little Thing Called Love (Queen Cover) - Dead Dogs Martina's 18th Birthday Party","Dead Dogs Martina's 18th Birthday Party - Live at Dundee Pub (December ‎2, ‎2018)",2019-05-13,32,1,"PLhIw1_0YGPESAFz3ZRQ4gZTtYIvehRb3M","Dead Dogs 2018 Martina's 18th Birthday Party - Live at Dundee Pub","UC6CV_32l8omBfcliOOQnIew","Alessandro Speranza"
"qglbEX8ijQI","Blue Christmas (Elvis Presley Cover) - Dead Dogs 2017 Christmas Party","Dead Dogs 2017 Christmas Party - Live at Dundee Pub (December ‎17, ‎2017)",2017-12-28,32,1,"PLhIw1_0YGPEQLnaY_Nknm4RA8LLkbFkbN","Dead Dogs 2017 Christmas Party - Live at Dundee Pub","UC6CV_32l8omBfcliOOQnIew","Alessandro Speranza"
"GO7oSF7Z1AU","Proud Mary (Tina Turner Cover) - Dead Dogs Cristina's 50th Birthday Party","Dead Dogs Cristina's 50th Birthday Party - Live at Rocca Brivio (September ‎28, ‎2019)",2019-11-23,31,1,"PLhIw1_0YGPERkly8jenagw3o3U4H6CtxI","Dead Dogs 2019 Cristina's 50th Birthday Party - Live at Rocca Brivio","UC6CV_32l8omBfcliOOQnIew","Alessandro Speranza"
"QPvkxN1_4y8","Azzurro (Adriano Celentano Cover) - Dead Dogs 2023 Mama's 80th Birthday Party","Azzurro (Adriano Celentano Cover)
Dead Dogs 2023 Mama's 80th Birthday Party - Live at Bob Food and More (September 12, 2023)
#azzurro #adrianocelentano #deaddogsband

Azzurro  - Dead Dogs lineup features:
Corrado Speranza: drums
Filippo Gobbi: bass guitar
Cristina Bertoni: backing vocals
Livio Bariani: electric guitar
Alessandro Speranza: lead vocals, acoustic guitar

Video & sound editing with CapCut",2023-09-30,29,1,"PLhIw1_0YGPESQYg-TivCb5WBjsW4zQa0O","Dead Dogs 2023 Mama's 80th Birthday Party - Live at Bob Food and More","UC6CV_32l8omBfcliOOQnIew","Alessandro Speranza"
"fffT48nEfpA","Lonely Boy (The Black Keys Cover) - Dead Dogs Cristina's 50th Birthday Party","Dead Dogs Cristina's 50th Birthday Party - Live at Rocca Brivio (September ‎28, ‎2019)",2019-11-23,29,1,"PLhIw1_0YGPERkly8jenagw3o3U4H6CtxI","Dead Dogs 2019 Cristina's 50th Birthday Party - Live at Rocca Brivio","UC6CV_32l8omBfcliOOQnIew","Alessandro Speranza"
"Gn0XyGu_SvI","Rock And Roll (Led Zeppelin Cover) - Dead Dogs Cristina's 50th Birthday Party","Dead Dogs Cristina's 50th Birthday Party - Live at Rocca Brivio (September ‎28, ‎2019)",2019-11-23,29,1,"PLhIw1_0YGPERkly8jenagw3o3U4H6CtxI","Dead Dogs 2019 Cristina's 50th Birthday Party - Live at Rocca Brivio","UC6CV_32l8omBfcliOOQnIew","Alessandro Speranza"
"kEX4m-bh8Ao","Rock And Roll (Led Zeppelin Cover) - Dead Dogs 2019 Christmas Party","Dead Dogs 2019 Christmas Party - Live at Dundee Pub (December ‎21, ‎2019)",2020-01-24,28,4,"PLhIw1_0YGPETya3CXmcudNLE0edFQ3307","Dead Dogs 2019 Christmas Party - Live at Dundee Pub","UC6CV_32l8omBfcliOOQnIew","Alessandro Speranza"
"nowhyWc-dlQ","You Shook Me All Night Long (AC/DC Cover) - Dead Dogs Martina's 18th Birthday Party","You Shook Me All Night Long (AC/DC Cover)
Dead Dogs Martina's 18th Birthday Party - Live at Dundee Pub (December ‎2, ‎2018)
#youshookmeallnightlong #acdc #deaddogsband",2019-05-13,28,1,"PLhIw1_0YGPESAFz3ZRQ4gZTtYIvehRb3M","Dead Dogs 2018 Martina's 18th Birthday Party - Live at Dundee Pub","UC6CV_32l8omBfcliOOQnIew","Alessandro Speranza"
"g9c3erJc0ks","High Voltage (AC/DC Cover) - Dead Dogs Cristina's 50th Birthday Party","High Voltage (AC/DC Cover)
Dead Dogs Cristina's 50th Birthday Party - Live at Rocca Brivio (September ‎28, ‎2019)
#highvoltage #acdc #deaddogsband",2019-11-23,26,1,"PLhIw1_0YGPERkly8jenagw3o3U4H6CtxI","Dead Dogs 2019 Cristina's 50th Birthday Party - Live at Rocca Brivio","UC6CV_32l8omBfcliOOQnIew","Alessandro Speranza"
"ndYrvDzcOwM","Gold On The Ceiling (The Black Keys Cover) - Dead Dogs 2018 Halloween Party","Dead Dogs 2018 Halloween Party - Live at Dundee Pub (October ‎31, ‎2018)",2019-03-04,26,1,"PLhIw1_0YGPEQyp_iflLtD4TAXAm8_pZVk","Dead Dogs 2018 Halloween Party - Live at Dundee Pub","UC6CV_32l8omBfcliOOQnIew","Alessandro Speranza"
"8d4fPxTYEC4","Come Together (The Beatles Cover) - Dead Dogs 2018 Halloween Party","Dead Dogs 2018 Halloween Party - Live at Dundee Pub (October ‎31, ‎2018)",2019-03-04,26,0,"PLhIw1_0YGPEQyp_iflLtD4TAXAm8_pZVk","Dead Dogs 2018 Halloween Party - Live at Dundee Pub","UC6CV_32l8omBfcliOOQnIew","Alessandro Speranza"
"uRukXVtsWRE","Knock On Wood (Eddie Floyd Cover) - Dead Dogs 2019 1st Palco Aperto Event","Dead Dogs 1st Palco Aperto Event - Live at Mare Culturale Urbano (November ‎02, ‎2019)",2019-11-23,25,1,"PLhIw1_0YGPEQxp3qFIbmKmdEX7RGZU42B","Dead Dogs 2019 Palco Aperto - Live at Mare Culturale Urbano","UC6CV_32l8omBfcliOOQnIew","Alessandro Speranza"
"4CMHxR5coh4","Call Me The Breeze (J.J. Cale Cover) - Dead Dogs 2018 Halloween Party","Dead Dogs 2018 Halloween Party - Live at Dundee Pub (October ‎31, ‎2018)",2019-03-04,25,0,"PLhIw1_0YGPEQyp_iflLtD4TAXAm8_pZVk","Dead Dogs 2018 Halloween Party - Live at Dundee Pub","UC6CV_32l8omBfcliOOQnIew","Alessandro Speranza"
"I4ybAEEFp94","These Boots Are Made For Walkin' (Nancy Sinatra Cover) - Dead Dogs Cristina's 50th Birthday Party","Dead Dogs Cristina's 50th Birthday Party - Live at Rocca Brivio (September ‎28, ‎2019)",2019-11-23,24,1,"PLhIw1_0YGPERkly8jenagw3o3U4H6CtxI","Dead Dogs 2019 Cristina's 50th Birthday Party - Live at Rocca Brivio","UC6CV_32l8omBfcliOOQnIew","Alessandro Speranza"
"MgKqoVw7584","I Love Rock n' Roll (Joan Jett & the Blackhearts Cover) - Dead Dogs Martina's 18th Birthday Party","Dead Dogs Martina's 18th Birthday Party - Live at Dundee Pub (December ‎2, ‎2018)",2019-05-13,23,1,"PLhIw1_0YGPESAFz3ZRQ4gZTtYIvehRb3M","Dead Dogs 2018 Martina's 18th Birthday Party - Live at Dundee Pub","UC6CV_32l8omBfcliOOQnIew","Alessandro Speranza"
"-UD3-En-BgU","Should I Stay Or Should I Go (The Clash Cover) - Dead Dogs Martina's 18th Birthday Party","Should I Stay Or Should I Go (The Clash Cover)
Dead Dogs Martina's 18th Birthday Party - Live at Dundee Pub (December ‎2, ‎2018)
#shouldistayorshouldigo #theclash #deaddogsband",2019-05-13,23,1,"PLhIw1_0YGPESAFz3ZRQ4gZTtYIvehRb3M","Dead Dogs 2018 Martina's 18th Birthday Party - Live at Dundee Pub","UC6CV_32l8omBfcliOOQnIew","Alessandro Speranza"
"oCdLhVhKZoI","Crazy Little Thing Called Love (Queen Cover) - Dead Dogs 2018 Halloween Party","Dead Dogs 2018 Halloween Party - Live at Dundee Pub (October ‎31, ‎2018)",2019-03-04,23,0,"PLhIw1_0YGPEQyp_iflLtD4TAXAm8_pZVk","Dead Dogs 2018 Halloween Party - Live at Dundee Pub","UC6CV_32l8omBfcliOOQnIew","Alessandro Speranza"
"AqISKUlCm-U","Should I Stay Or Should I Go (The Clash Cover) - Dead Dogs 2018 Halloween Party","Should I Stay Or Should I Go (The Clash Cover)
Dead Dogs 2018 Halloween Party - Live at Dundee Pub (October ‎31, ‎2018)
#shouldistayorshouldigo #theclash #deaddogsband",2019-03-04,23,1,"PLhIw1_0YGPEQyp_iflLtD4TAXAm8_pZVk","Dead Dogs 2018 Halloween Party - Live at Dundee Pub","UC6CV_32l8omBfcliOOQnIew","Alessandro Speranza"
"Fo3XEnDEZtg","Nel Blu Dipinto Di Blu (Domenico Modugno Cover) - Dead Dogs 2023 Mama's 80th Birthday Party","Nel Blu Dipinto Di Blu (Domenico Modugno Cover)
Dead Dogs 2023 Mama's 80th Birthday Party - Live at Bob Food and More (September 12, 2023)
#nelbludipintodiblu #volare #domenicomodugno #deaddogsband

Nel Blu Dipinto Di Blu  - Dead Dogs lineup features:
Corrado Speranza: drums
Filippo Gobbi: bass guitar
Giuseppe Trobia: lead vocals
Cristina Bertoni: backing vocals
Livio Bariani: electric guitar
Alessandro Speranza: acoustic guitar

Video & sound editing with CapCut",2023-09-30,22,1,"PLhIw1_0YGPESQYg-TivCb5WBjsW4zQa0O","Dead Dogs 2023 Mama's 80th Birthday Party - Live at Bob Food and More","UC6CV_32l8omBfcliOOQnIew","Alessandro Speranza"
"UTZHePuuctg","I'll Never Fall in Love Again (Dionne Warwick Cover) - Dead Dogs 2023 Mama's 80th Birthday Party","I'll Never Fall In Love Again (Dionne Warwick Cover)
Dead Dogs 2023 Mama's 80th Birthday Party - Live at Bob Food and More (September 12, 2023)
#illneverfallinloveagain #dionnewarwick #deaddogsband

I'll Never Fall In Love Again  - Dead Dogs lineup features:
Corrado Speranza: drums
Filippo Gobbi: bass guitar
Cristina Bertoni: lead vocals
Livio Bariani: electric guitar
Alessandro Speranza: acoustic guitar

Video & sound editing with CapCut",2023-09-30,21,1,"PLhIw1_0YGPESQYg-TivCb5WBjsW4zQa0O","Dead Dogs 2023 Mama's 80th Birthday Party - Live at Bob Food and More","UC6CV_32l8omBfcliOOQnIew","Alessandro Speranza"
"d-qtkWVm0QA","Are You Gonna Be My Girl (Jet Cover) - Dead Dogs 2018 Halloween Party","Dead Dogs 2018 Halloween Party - Live at Dundee Pub (October ‎31, ‎2018)",2019-03-04,21,0,"PLhIw1_0YGPEQyp_iflLtD4TAXAm8_pZVk","Dead Dogs 2018 Halloween Party - Live at Dundee Pub","UC6CV_32l8omBfcliOOQnIew","Alessandro Speranza"
"3T802FZiFvs","I Love Rock n' Roll (Joan Jett & the Blackhearts Cover) - Dead Dogs Cristina's 50th Birthday Party","Dead Dogs Cristina's 50th Birthday Party - Live at Rocca Brivio (September ‎28, ‎2019)",2019-11-23,18,1,"PLhIw1_0YGPERkly8jenagw3o3U4H6CtxI","Dead Dogs 2019 Cristina's 50th Birthday Party - Live at Rocca Brivio","UC6CV_32l8omBfcliOOQnIew","Alessandro Speranza"
"w5zZOVhfIYE","Chelsea Dagger (The Fratellis Cover) - Dead Dogs Cristina's 50th Birthday Party","Dead Dogs Cristina's 50th Birthday Party - Live at Rocca Brivio (September ‎28, ‎2019)",2019-11-23,17,1,"PLhIw1_0YGPERkly8jenagw3o3U4H6CtxI","Dead Dogs 2019 Cristina's 50th Birthday Party - Live at Rocca Brivio","UC6CV_32l8omBfcliOOQnIew","Alessandro Speranza"
